UnixTime,PacketCount,GyroX,GyroY,GyroZ,AccelX,AccelY,AccelZ,MagX,MagY,MagZ,BatteryTemp1,BatteryTemp2,BMETemp,BMEPressure,BMEHumidity,UsedRam,FreeMemory,CPULoad,CPUTemp,BattRawVoltage,BattRawCurrent,V3v3,I3v3,V5v0,I5v0,VvBatt,IvBatt,RegTemp3v3,RegTemp5v0,GPSLat,GPSLatNS,GPSLn,GPSLonEW,GPSAlt,GPSVelocity,GPSSNR,Mag1X,Mag1Y,Mag1Z,Mag2X,Mag2Y,Mag2Z
1699560413.1578062,None,179,162,-27,-192,88,17056,-46,0,385,None,None,23.13,982.64,27.985,13.29063,53191304,None,46.2,10.572916666666668,1.1329484374999998,3.0083298841059603,1.1328691406249998,4.544898343373494,1.1329484374999998,10.572916666666668,1.1329484374999998,62.26298046689544,62.26298046689544,None,None,None,None,None,None,None,28.773333333333333,-15.693333333333335,24.133333333333336,6.2266666666666675,31.12,23.42666666666667
1699560423.1596475,None,179,162,-27,-192,88,17056,-46,0,385,None,None,23.2,982.63,28.024,13.31786,53191292,None,45.7,10.572916666666668,1.1329484374999998,3.0083298841059603,1.1328691406249998,4.544898343373494,1.1329484374999998,10.572916666666668,1.1329484374999998,62.26298046689544,62.26298046689544,None,None,None,None,None,None,None,28.773333333333333,-15.693333333333335,24.133333333333336,6.2266666666666675,31.12,23.42666666666667
1699560433.16653,None,179,162,-27,-192,88,17056,-46,0,385,None,None,23.19,982.64,27.949,13.1717,53191292,None,44.8,10.572916666666668,1.1329484374999998,3.0083298841059603,1.1328691406249998,4.544898343373494,1.1329484374999998,10.572916666666668,1.1329484374999998,62.26298046689544,62.26298046689544,None,None,None,None,None,None,None,28.773333333333333,-15.693333333333335,24.133333333333336,6.2266666666666675,31.12,23.42666666666667
