UnixTime,PacketCount,GyroX,GyroY,GyroZ,AccelX,AccelY,AccelZ,MagX,MagY,MagZ,BatteryTemp1,BatteryTemp2,BMETemp,BMEPressure,BMEHumidity,UsedRam,FreeMemory,CPULoad,CPUTemp,BattRawVoltage,BattRawCurrent,V3v3,I3v3,V5v0,I5v0,VvBatt,IvBatt,RegTemp3v3,RegTemp5v0,GPSLat,GPSLatNS,GPSLn,GPSLonEW,GPSAlt,GPSVelocity,GPSSNR,Mag1X,Mag1Y,Mag1Z,Mag2X,Mag2Y,Mag2Z
1700166785.164482,None,-0.9146341463414634,1.8902439024390245,-0.426829268292683,0.453125,0.44677734375,0.8125,15.6,28.349999999999998,49.949999999999996,0.0,9.44,None,None,None,7.66625,53221952,69.6,65.7,10.572916666666668,0.6250749999999999,0.0,0.0,0.0,0.6641421875,10.572916666666668,0.6641421875,138.6103701913928,138.6103701913928,None,None,None,None,None,None,None,4.173333333333334,17.58666666666667,20.16,-6.2266666666666675,-15.520000000000001,19.400000000000002
1700166787.1637805,None,-0.9146341463414634,1.8902439024390245,-0.426829268292683,0.453125,0.44677734375,0.8125,15.6,28.349999999999998,49.949999999999996,0.0,9.44,None,None,None,7.68905,53221948,82.1,65.2,10.572916666666668,0.5078734374999999,0.0,0.0,0.0,0.46880625,10.572916666666668,0.5078734374999999,138.6103701913928,138.6103701913928,None,None,None,None,None,None,None,4.173333333333334,17.58666666666667,20.16,-6.2266666666666675,-15.520000000000001,19.400000000000002
1700166789.1636581,None,-0.9146341463414634,1.8902439024390245,-0.426829268292683,0.453125,0.44677734375,0.8125,15.6,28.349999999999998,49.949999999999996,0.0,9.44,None,None,None,7.68373,53221948,70.4,65.2,10.572916666666668,0.6641421875,3.0083298841059603,0.0,0.0,0.6250749999999999,10.572916666666668,0.6250749999999999,138.6103701913928,138.6103701913928,None,None,None,None,None,None,None,4.173333333333334,17.58666666666667,20.16,-6.2266666666666675,-15.520000000000001,19.400000000000002
