UnixTime,PacketCount,GyroX,GyroY,GyroZ,AccelX,AccelY,AccelZ,MagX,MagY,MagZ,BatteryTemp1,BatteryTemp2,BMETemp,BMEPressure,BMEHumidity,UsedRam,FreeMemory,CPULoad,CPUTemp,BattRawVoltage,BattRawCurrent,V3v3,I3v3,V5v0,I5v0,VvBatt,IvBatt,RegTemp3v3,RegTemp5v0,GPSLat,GPSLatNS,GPSLn,GPSLonEW,GPSAlt,GPSVelocity,GPSSNR,Mag1X,Mag1Y,Mag1Z,Mag2X,Mag2Y,Mag2Z
1699837886.8564413,None,1.0365853658536586,1.7682926829268295,-3.5975609756097566,0.45703125,0.4296875,0.802734375,15.299999999999999,28.349999999999998,49.949999999999996,22.38,22.19,23.45,994.94,26.061,9.48229,53173632,None,36.5,10.572916666666668,1.1329484374999998,3.0083298841059603,1.1328691406249998,4.544898343373494,1.1329484374999998,10.572916666666668,1.1329484374999998,62.26298046689544,62.26298046689544,None,None,None,None,None,None,None,4.1466666666666665,17.6,20.173333333333336,-6.333333333333334,-15.346666666666668,19.32
1699837887.85642,None,-0.6097560975609757,1.2804878048780488,0.7926829268292683,0.447265625,0.44287109375,0.7890625,16.05,29.549999999999997,50.25,22.38,22.12,23.58,994.93,26.07,9.26824,53173632,None,36.5,10.572916666666668,1.1329484374999998,3.0083298841059603,1.1328691406249998,4.544898343373494,1.1329484374999998,10.572916666666668,1.1329484374999998,62.26298046689544,62.26298046689544,None,None,None,None,None,None,None,4.133333333333334,17.533333333333335,20.200000000000003,-6.2,-15.520000000000001,19.32
1699837888.8564436,None,1.1585365853658538,-0.7926829268292683,-0.9146341463414634,0.462890625,0.44287109375,0.7890625,17.4,30.45,50.1,22.38,22.19,23.62,994.92,26.052,9.25017,53173632,None,35.5,10.572916666666668,1.1329484374999998,3.0083298841059603,1.1328691406249998,4.544898343373494,1.1329484374999998,10.572916666666668,1.1329484374999998,62.26298046689544,62.26298046689544,None,None,None,None,None,None,None,4.213333333333334,17.42666666666667,19.84,-6.2266666666666675,-15.466666666666667,19.32
