UnixTime,PacketCount,GyroX,GyroY,GyroZ,AccelX,AccelY,AccelZ,MagX,MagY,MagZ,BatteryTemp1,BatteryTemp2,BMETemp,BMEPressure,BMEHumidity,UsedRam,FreeMemory,CPULoad,CPUTemp,BattRawVoltage,BattRawCurrent,V3v3,I3v3,V5v0,I5v0,VvBatt,IvBatt,RegTemp3v3,RegTemp5v0,GPSLat,GPSLatNS,GPSLn,GPSLonEW,GPSAlt,GPSVelocity,GPSSNR,Mag1X,Mag1Y,Mag1Z,Mag2X,Mag2Y,Mag2Z
1699386267.1884522,None, 00212, 00057, 00567, 04824,-03720, 15864, 00013, 00000, 00000,None,None,None,None,None,10.28343,53193076,None,53.0,10.572916666666668,1.1329484374999998,3.0083298841059603,1.1328691406249998,4.544898343373494,1.1329484374999998,10.572916666666668,1.1329484374999998,62.26298046689544,62.26298046689544,None,None,None,None,None,None,None,-27.333333333333336,-15.746666666666668,22.46666666666667,-29.64,32.49333333333333,12.826666666666668
1699386271.1895754,None,-00207, 00057,-00232, 05080,-03936, 15616, 00270,-00276, 00357,None,None,None,None,None,10.29035,53193076,None,52.1,10.572916666666668,1.1329484374999998,3.0083298841059603,1.1328691406249998,4.544898343373494,1.1329484374999998,10.572916666666668,1.1329484374999998,62.26298046689544,62.26298046689544,None,None,None,None,None,None,None,-27.360000000000003,-15.920000000000002,22.46666666666667,-29.653333333333336,32.53333333333334,12.786666666666667
1699386275.191714,None,-00050, 00104, 00013, 05080,-03968, 15720, 00014, 00000, 00000,None,None,None,None,None,10.28931,53193076,None,51.1,10.572916666666668,1.1329484374999998,3.0083298841059603,1.1328691406249998,4.544898343373494,1.1329484374999998,10.572916666666668,1.1329484374999998,62.26298046689544,62.26298046689544,None,None,None,None,None,None,None,-27.32,-15.893333333333334,22.46666666666667,-29.613333333333337,32.440000000000005,12.893333333333334
