UnixTime,PacketCount,GyroX,GyroY,GyroZ,AccelX,AccelY,AccelZ,MagX,MagY,MagZ,BatteryTemp1,BatteryTemp2,BMETemp,BMEPressure,BMEHumidity,UsedRam,FreeMemory,CPULoad,CPUTemp,BattRawVoltage,BattRawCurrent,V3v3,I3v3,V5v0,I5v0,VvBatt,IvBatt,RegTemp3v3,RegTemp5v0,GPSLat,GPSLatNS,GPSLn,GPSLonEW,GPSAlt,GPSVelocity,GPSSNR,Mag1X,Mag1Y,Mag1Z,Mag2X,Mag2Y,Mag2Z
1699387555.8966575,None,-000385, 000307,-000927, 004608,-002088, 016392, 000248,-000286, 000115,None,None,None,None,None,12.6103,53193096,None,52.5,10.572916666666668,1.1329484374999998,3.0083298841059603,1.1328691406249998,4.544898343373494,1.1329484374999998,10.572916666666668,1.1329484374999998,62.26298046689544,62.26298046689544,None,None,None,None,None,None,None,-27.080000000000002,-16.040000000000003,22.68,-29.573333333333334,32.45333333333333,12.893333333333334
