UnixTime,PacketCount,GyroX,GyroY,GyroZ,AccelX,AccelY,AccelZ,MagX,MagY,MagZ,BatteryTemp1,BatteryTemp2,BMETemp,BMEPressure,BMEHumidity,UsedRam,FreeMemory,CPULoad,CPUTemp,BattRawVoltage,BattRawCurrent,V3v3,I3v3,V5v0,I5v0,VvBatt,IvBatt,RegTemp3v3,RegTemp5v0,GPSLat,GPSLatNS,GPSLn,GPSLonEW,GPSAlt,GPSVelocity,GPSSNR,Mag1X,Mag1Y,Mag1Z,Mag2X,Mag2Y,Mag2Z
1699822702.176721,None,1.0365853658536586,1.829268292682927,-1.6463414634146343,0.0986328125,0.2265625,1.00927734375,49.8,21.15,51.75,21.44,21.38,22.64,995.97,28.078,8.80724,53265708,None,73.0,10.572916666666668,1.1329484374999998,3.0083298841059603,1.1328691406249998,4.544898343373494,1.1329484374999998,10.572916666666668,1.1329484374999998,62.26298046689544,62.26298046689544,None,None,None,None,None,None,None,-17.94666666666667,28.92,24.866666666666667,-27.44,-17.573333333333334,21.346666666666668
1699822712.1789849,None,1.9512195121951221,-0.48780487804878053,-1.2195121951219514,0.083984375,0.17919921875,1.01708984375,53.25,15.6,54.75,21.44,21.38,22.65,995.99,28.081,8.79733,53265700,None,72.5,10.572916666666668,1.1329484374999998,3.0083298841059603,1.1328691406249998,4.544898343373494,1.1329484374999998,10.572916666666668,1.1329484374999998,62.26298046689544,62.26298046689544,None,None,None,None,None,None,None,-17.906666666666666,28.8,24.94666666666667,-27.46666666666667,-17.48,21.293333333333333
1699822722.1810415,None,3.1707317073170733,2.25609756097561,-0.426829268292683,0.10205078125,0.17919921875,1.0205078125,54.15,16.95,53.85,21.44,21.38,22.66,995.98,28.093,8.86847,53265700,None,72.5,10.572916666666668,1.1329484374999998,3.0083298841059603,1.1328691406249998,4.544898343373494,1.1329484374999998,10.572916666666668,1.1329484374999998,62.26298046689544,62.26298046689544,None,None,None,None,None,None,None,-17.96,28.78666666666667,24.973333333333336,-27.706666666666667,-17.493333333333336,21.30666666666667
1699822732.1790035,None,0.6097560975609757,0.9146341463414634,-0.24390243902439027,0.083984375,0.1796875,1.005859375,53.25,16.349999999999998,54.0,21.44,21.38,22.64,995.92,28.094,8.82466,53265700,None,72.0,10.572916666666668,1.1329484374999998,3.0083298841059603,1.1328691406249998,4.544898343373494,1.1329484374999998,10.572916666666668,1.1329484374999998,62.26298046689544,62.26298046689544,None,None,None,None,None,None,None,-17.96,28.826666666666668,25.0,-27.46666666666667,-17.400000000000002,21.240000000000002
