UnixTime,PacketCount,GyroX,GyroY,GyroZ,AccelX,AccelY,AccelZ,MagX,MagY,MagZ,BatteryTemp1,BatteryTemp2,BMETemp,BMEPressure,BMEHumidity,UsedRam,FreeMemory,CPULoad,CPUTemp,BattRawVoltage,BattRawCurrent,V3v3,I3v3,V5v0,I5v0,VvBatt,IvBatt,RegTemp3v3,RegTemp5v0,GPSLat,GPSLatNS,GPSLn,GPSLonEW,GPSAlt,GPSVelocity,GPSSNR,Mag1X,Mag1Y,Mag1Z,Mag2X,Mag2Y,Mag2Z
1699835456.8680477,None,-1.0365853658536586,1.1585365853658538,1.4634146341463417,0.45263671875,0.43359375,0.78955078125,17.849999999999998,28.349999999999998,49.5,22.31,22.19,23.99,994.87,25.242,8.93069,53223948,None,37.9,10.572916666666668,1.1329484374999998,3.0083298841059603,1.1328691406249998,4.544898343373494,1.1329484374999998,10.572916666666668,1.1329484374999998,62.26298046689544,62.26298046689544,None,None,None,None,None,None,None,4.093333333333334,17.573333333333334,20.186666666666667,-6.306666666666667,-15.413333333333334,19.32
1699835457.8676405,None,-2.439024390243903,3.353658536585366,-1.2195121951219514,0.46435546875,0.43896484375,0.806640625,16.349999999999998,28.349999999999998,49.949999999999996,22.38,22.19,24.14,994.92,25.269,8.95374,53223948,None,37.0,10.572916666666668,1.1329484374999998,3.0083298841059603,1.1328691406249998,4.544898343373494,1.1329484374999998,10.572916666666668,1.1329484374999998,62.26298046689544,62.26298046689544,None,None,None,None,None,None,None,4.1866666666666665,17.58666666666667,20.213333333333335,-6.333333333333334,-15.506666666666668,19.32
1699835458.8676748,None,0.1829268292682927,-1.1585365853658538,0.6707317073170732,0.46337890625,0.443359375,0.7958984375,17.099999999999998,30.75,49.5,22.31,22.19,24.15,994.9,25.244,8.94214,53223948,None,36.5,10.572916666666668,1.1329484374999998,3.0083298841059603,1.1328691406249998,4.544898343373494,1.1329484374999998,10.572916666666668,1.1329484374999998,62.26298046689544,62.26298046689544,None,None,None,None,None,None,None,4.16,17.573333333333334,20.200000000000003,-6.386666666666667,-15.48,19.346666666666668
1699835459.8676496,None,-1.0365853658536586,1.4634146341463417,-0.6707317073170732,0.455078125,0.4326171875,0.7998046875,16.95,30.15,48.3,22.38,22.19,24.2,994.9,25.22,8.94562,53223948,None,37.4,10.572916666666668,1.1329484374999998,3.0083298841059603,1.1328691406249998,4.544898343373494,1.1329484374999998,10.572916666666668,1.1329484374999998,62.26298046689544,62.26298046689544,None,None,None,None,None,None,None,4.373333333333334,17.546666666666667,20.186666666666667,-6.28,-15.586666666666668,19.333333333333336
