UnixTime,PacketCount,GyroX,GyroY,GyroZ,AccelX,AccelY,AccelZ,MagX,MagY,MagZ,BatteryTemp1,BatteryTemp2,BMETemp,BMEPressure,BMEHumidity,UsedRam,FreeMemory,CPULoad,CPUTemp,BattRawVoltage,BattRawCurrent,V3v3,I3v3,V5v0,I5v0,VvBatt,IvBatt,RegTemp3v3,RegTemp5v0,GPSLat,GPSLatNS,GPSLn,GPSLonEW,GPSAlt,GPSVelocity,GPSSNR,Mag1X,Mag1Y,Mag1Z,Mag2X,Mag2Y,Mag2Z
1699384988.7548656,None,0,0,0, 00000, 00000,0,0,0,0,None,None,None,None,None,9.9637,53193144,None,50.6,10.572916666666668,1.1329484374999998,3.0083298841059603,1.1328691406249998,4.544898343373494,1.1329484374999998,10.572916666666668,1.1329484374999998,62.26298046689544,62.26298046689544,None,None,None,None,None,None,None,-27.6,-15.893333333333334,22.546666666666667,-29.64,32.68,12.986666666666668
1699384992.7575874,None,0,0,0, 00000, 00000,0,0,0,0,None,None,None,None,None,9.99541,53193144,None,51.6,10.572916666666668,1.1329484374999998,3.0083298841059603,1.1328691406249998,4.544898343373494,1.1329484374999998,10.572916666666668,1.1329484374999998,62.26298046689544,62.26298046689544,None,None,None,None,None,None,None,-27.46666666666667,-15.733333333333334,22.560000000000002,-29.546666666666667,32.586666666666666,12.773333333333333
1699384996.7581763,None,0,0,0, 00000, 00000,0,0,0,0,None,None,None,None,None,10.0089,53193144,None,50.1,10.572916666666668,1.1329484374999998,3.0083298841059603,1.1328691406249998,4.544898343373494,1.1329484374999998,10.572916666666668,1.1329484374999998,62.26298046689544,62.26298046689544,None,None,None,None,None,None,None,-27.48,-15.72,22.653333333333336,-29.653333333333336,32.6,12.826666666666668
1699385000.7581253,None,0,0,0, 00000, 00000,0,0,0,0,None,None,None,None,None,10.0086,53193144,None,50.6,10.572916666666668,1.1329484374999998,3.0083298841059603,1.1328691406249998,4.544898343373494,1.1329484374999998,10.572916666666668,1.1329484374999998,62.26298046689544,62.26298046689544,None,None,None,None,None,None,None,-27.613333333333337,-15.906666666666668,22.546666666666667,-29.733333333333334,32.62666666666667,12.853333333333333
