UnixTime,PacketCount,GyroX,GyroY,GyroZ,AccelX,AccelY,AccelZ,MagX,MagY,MagZ,BatteryTemp1,BatteryTemp2,BMETemp,BMEPressure,BMEHumidity,UsedRam,FreeMemory,CPULoad,CPUTemp,BattRawVoltage,BattRawCurrent,V3v3,I3v3,V5v0,I5v0,VvBatt,IvBatt,RegTemp3v3,RegTemp5v0,GPSLat,GPSLatNS,GPSLn,GPSLonEW,GPSAlt,GPSVelocity,GPSSNR,Mag1X,Mag1Y,Mag1Z,Mag2X,Mag2Y,Mag2Z
1699817698.5199232,None,179,162,-27,0,0,0,-46,0,385,21.25,21.25,22.99,996.44,28.582,4.80431,53267868,None,50.6,10.572916666666668,1.1329484374999998,3.0083298841059603,1.1328691406249998,4.544898343373494,1.1329484374999998,10.572916666666668,1.1329484374999998,62.26298046689544,62.26298046689544,None,None,None,None,None,None,None,28.773333333333333,-15.693333333333335,24.133333333333336,6.2266666666666675,31.12,23.42666666666667
1699817708.5290444,None,179,162,-27,0,0,0,-46,0,385,21.25,21.25,22.98,996.44,28.473,6.76993,53267828,None,52.1,10.572916666666668,1.1329484374999998,3.0083298841059603,1.1328691406249998,4.544898343373494,1.1329484374999998,10.572916666666668,1.1329484374999998,62.26298046689544,62.26298046689544,None,None,None,None,None,None,None,28.773333333333333,-15.693333333333335,24.133333333333336,6.2266666666666675,31.12,23.42666666666667
