UnixTime,PacketCount,GyroX,GyroY,GyroZ,AccelX,AccelY,AccelZ,MagX,MagY,MagZ,BatteryTemp1,BatteryTemp2,BMETemp,BMEPressure,BMEHumidity,UsedRam,FreeMemory,CPULoad,CPUTemp,BattRawVoltage,BattRawCurrent,V3v3,I3v3,V5v0,I5v0,VvBatt,IvBatt,RegTemp3v3,RegTemp5v0,GPSLat,GPSLatNS,GPSLn,GPSLonEW,GPSAlt,GPSVelocity,GPSSNR,Mag1X,Mag1Y,Mag1Z,Mag2X,Mag2Y,Mag2Z
1699560413.6601012,None,179,162,-27,-192,88,17056,-46,0,385,None,None,23.29,982.67,27.995,13.30003,53191296,None,45.2,10.572916666666668,1.1329484374999998,3.0083298841059603,1.1328691406249998,4.544898343373494,1.1329484374999998,10.572916666666668,1.1329484374999998,62.26298046689544,62.26298046689544,None,None,None,None,None,None,None,28.773333333333333,-15.693333333333335,24.133333333333336,6.2266666666666675,31.12,23.42666666666667
1699560423.6684413,None,179,162,-27,-192,88,17056,-46,0,385,None,None,23.3,982.64,28.022,13.32169,53191292,None,44.8,10.572916666666668,1.1329484374999998,3.0083298841059603,1.1328691406249998,4.544898343373494,1.1329484374999998,10.572916666666668,1.1329484374999998,62.26298046689544,62.26298046689544,None,None,None,None,None,None,None,28.773333333333333,-15.693333333333335,24.133333333333336,6.2266666666666675,31.12,23.42666666666667
1699560433.669715,None,179,162,-27,-192,88,17056,-46,0,385,None,None,23.31,982.65,27.952,13.18126,53191292,None,45.2,10.572916666666668,1.1329484374999998,3.0083298841059603,1.1328691406249998,4.544898343373494,1.1329484374999998,10.572916666666668,1.1329484374999998,62.26298046689544,62.26298046689544,None,None,None,None,None,None,None,28.773333333333333,-15.693333333333335,24.133333333333336,6.2266666666666675,31.12,23.42666666666667
