UnixTime,PacketCount,GyroX,GyroY,GyroZ,AccelX,AccelY,AccelZ,MagX,MagY,MagZ,BatteryTemp1,BatteryTemp2,BMETemp,BMEPressure,BMEHumidity,UsedRam,FreeMemory,CPULoad,CPUTemp,BattRawVoltage,BattRawCurrent,V3v3,I3v3,V5v0,I5v0,VvBatt,IvBatt,RegTemp3v3,RegTemp5v0,GPSLat,GPSLatNS,GPSLn,GPSLonEW,GPSAlt,GPSVelocity,GPSSNR,Mag1X,Mag1Y,Mag1Z,Mag2X,Mag2Y,Mag2Z
1700077317,45,-0.030487804878048783,0.09146341463414635,0.0,0.0001220703125,0.0001220703125,0.0003662109375,2.25,4.2,7.35,0.0,0.0,0.0,0,0.0,5.24,53226440,0.0,56.0,0.0,0.0,0.0,0.0,0.0,0.0,0.0,0.0,0.0,0.0,0.0,0,0.0,0,0.0,0.0,0,0.055,0.234,0.268,-0.083,-0.206,0.258
1700077317,56,-0.030487804878048783,0.09146341463414635,0.0,0.0001220703125,0.0001220703125,0.0003662109375,2.25,4.2,7.35,0.0,0.0,0.0,0,0.0,5.24,53226440,0.0,56.0,0.0,0.0,0.0,0.0,0.0,0.0,0.0,0.0,0.0,0.0,0.0,0,0.0,0,0.0,0.0,0,0.055,0.234,0.268,-0.083,-0.206,0.258
1700077317,57,-0.030487804878048783,0.09146341463414635,0.0,0.0001220703125,0.0001220703125,0.0003662109375,2.25,4.2,7.35,0.0,0.0,0.0,0,0.0,5.24,53226440,0.0,56.0,0.0,0.0,0.0,0.0,0.0,0.0,0.0,0.0,0.0,0.0,0.0,0,0.0,0,0.0,0.0,0,0.055,0.234,0.268,-0.083,-0.206,0.258
1700077317,58,-0.030487804878048783,0.09146341463414635,0.0,0.0001220703125,0.0001220703125,0.0003662109375,2.25,4.2,7.35,0.0,0.0,0.0,0,0.0,5.24,53226440,0.0,56.0,0.0,0.0,0.0,0.0,0.0,0.0,0.0,0.0,0.0,0.0,0.0,0,0.0,0,0.0,0.0,0,0.055,0.234,0.268,-0.083,-0.206,0.258
1700077317,59,-0.030487804878048783,0.09146341463414635,0.0,0.0001220703125,0.0001220703125,0.0003662109375,2.25,4.2,7.35,0.0,0.0,0.0,0,0.0,5.24,53226440,0.0,56.0,0.0,0.0,0.0,0.0,0.0,0.0,0.0,0.0,0.0,0.0,0.0,0,0.0,0,0.0,0.0,0,0.055,0.234,0.268,-0.083,-0.206,0.258
1700077317,78,-0.030487804878048783,0.09146341463414635,0.0,0.0001220703125,0.0001220703125,0.0003662109375,2.25,4.2,7.35,0.0,0.0,0.0,0,0.0,5.24,53226440,0.0,56.0,0.0,0.0,0.0,0.0,0.0,0.0,0.0,0.0,0.0,0.0,0.0,0,0.0,0,0.0,0.0,0,0.055,0.234,0.268,-0.083,-0.206,0.258
1700077317,89,-0.030487804878048783,0.09146341463414635,0.0,0.0001220703125,0.0001220703125,0.0003662109375,2.25,4.2,7.35,0.0,0.0,0.0,0,0.0,5.24,53226440,0.0,56.0,0.0,0.0,0.0,0.0,0.0,0.0,0.0,0.0,0.0,0.0,0.0,0,0.0,0,0.0,0.0,0,0.055,0.234,0.268,-0.083,-0.206,0.258
